jo,relay1,relay2,kc,mbon,jo_relay1,relay1_relay2,relay2_kc,kc_mbon,bottleneck_synapses,passes_wed191
56087,10153,15376,69337,12690,7,5,5,40,5,False
56087,12213,15376,69337,12690,20,14,5,40,5,False
56087,12820,15376,69337,12690,20,5,5,40,5,False
56087,16231,15376,69337,12690,8,9,5,40,5,False
79498,10153,15376,69337,12690,7,5,5,40,5,False
79498,12213,15376,69337,12690,16,14,5,40,5,False
79498,12820,15376,69337,12690,11,5,5,40,5,False
79498,16231,15376,69337,12690,5,9,5,40,5,False
97027,10153,15376,69337,12690,8,5,5,40,5,False
97027,12213,15376,69337,12690,19,14,5,40,5,False
97027,12820,15376,69337,12690,8,5,5,40,5,False
97027,16231,15376,69337,12690,15,9,5,40,5,False
106702,532198,15376,69337,12690,5,16,5,40,5,False
111277,532198,15376,69337,12690,11,16,5,40,5,False
117756,10153,15376,69337,12690,10,5,5,40,5,False
117756,12213,15376,69337,12690,12,14,5,40,5,False
117756,532198,15376,69337,12690,10,16,5,40,5,False
121617,10153,15376,69337,12690,15,5,5,40,5,False
121617,12213,15376,69337,12690,9,14,5,40,5,False
121617,12820,15376,69337,12690,9,5,5,40,5,False
121617,16231,15376,69337,12690,15,9,5,40,5,False
123650,10153,15376,69337,12690,5,5,5,40,5,False
123650,10598,15376,69337,12690,5,22,5,40,5,True
123650,532198,15376,69337,12690,16,16,5,40,5,False
150421,10153,15376,69337,12690,7,5,5,40,5,False
150421,12213,15376,69337,12690,9,14,5,40,5,False
150421,12820,15376,69337,12690,6,5,5,40,5,False
150421,16231,15376,69337,12690,5,9,5,40,5,False
153859,10153,15376,69337,12690,6,5,5,40,5,False
153859,12213,15376,69337,12690,14,14,5,40,5,False
153859,12820,15376,69337,12690,10,5,5,40,5,False
158576,10153,15376,69337,12690,14,5,5,40,5,False
158576,12213,15376,69337,12690,10,14,5,40,5,False
158576,12820,15376,69337,12690,10,5,5,40,5,False
205974,10153,15376,69337,12690,22,5,5,40,5,False
205974,12213,15376,69337,12690,16,14,5,40,5,False
205974,12820,15376,69337,12690,11,5,5,40,5,False
205974,16231,15376,69337,12690,5,9,5,40,5,False
210416,532198,15376,69337,12690,8,16,5,40,5,False
233170,12143,11161,157166,12690,8,6,10,21,6,False
248488,12150,15376,69337,12690,9,21,5,40,5,False
274169,10153,15376,69337,12690,5,5,5,40,5,False
274169,12213,15376,69337,12690,8,14,5,40,5,False
381870,12246,15376,69337,12690,7,37,5,40,5,False
478230,10153,15376,69337,12690,7,5,5,40,5,False
478230,12820,15376,69337,12690,6,5,5,40,5,False
478230,532198,15376,69337,12690,7,16,5,40,5,False
519875,10263,14437,48219,12690,5,5,7,27,5,False
522305,532198,15376,69337,12690,5,16,5,40,5,False
522306,532198,15376,69337,12690,8,16,5,40,5,False
534437,10153,15376,69337,12690,10,5,5,40,5,False
534437,12213,15376,69337,12690,14,14,5,40,5,False
534437,12820,15376,69337,12690,11,5,5,40,5,False
535965,12150,15376,69337,12690,18,21,5,40,5,False
559386,10153,15376,69337,12690,10,5,5,40,5,False
559386,12820,15376,69337,12690,6,5,5,40,5,False
932780,15352,15376,69337,12690,5,5,5,40,5,False
943463,10153,15376,69337,12690,10,5,5,40,5,False
