candidate,saturation,normalization,condition,sessions,final_trial,qualified_fraction,mean_separation_probability,last_three_checkpoints_qualified
MBON03,2.0,per_output,combined_fast,144,33,0.2638888888888889,0.6666372603904127,False
MBON03,2.0,per_output,combined_half_dose,144,126,0.18055555555555555,0.5061040550526987,False
MBON03,2.0,per_output,no_outcome,144,33,0.0,0.0,False
MBON03,2.0,per_output,plasticity_disabled,144,33,0.0,0.0,False
MBON03,2.0,shared_mean,combined_fast,144,33,0.0,0.3316982555570633,False
MBON03,2.0,shared_mean,combined_half_dose,144,126,0.0,3.003770072180285e-15,False
MBON03,2.0,shared_mean,no_outcome,144,33,0.0,0.0,False
MBON03,2.0,shared_mean,plasticity_disabled,144,33,0.0,0.0,False
MBON03,5.0,per_output,combined_fast,144,33,0.2638888888888889,0.6658306940439387,False
MBON03,5.0,per_output,combined_half_dose,144,126,0.1736111111111111,0.4694506602019819,False
MBON03,5.0,per_output,no_outcome,144,33,0.0,0.0,False
MBON03,5.0,per_output,plasticity_disabled,144,33,0.0,0.0,False
MBON03,5.0,shared_mean,combined_fast,144,33,0.0,0.334012699094263,False
MBON03,5.0,shared_mean,combined_half_dose,144,126,0.0,2.7832674436783437e-15,False
MBON03,5.0,shared_mean,no_outcome,144,33,0.0,0.0,False
MBON03,5.0,shared_mean,plasticity_disabled,144,33,0.0,0.0,False
MBON03,10.0,per_output,combined_fast,144,33,0.22916666666666666,0.6613025783310867,False
MBON03,10.0,per_output,combined_half_dose,144,126,0.1736111111111111,0.44053850469813355,False
MBON03,10.0,per_output,no_outcome,144,33,0.0,0.0,False
MBON03,10.0,per_output,plasticity_disabled,144,33,0.0,0.0,False
MBON03,10.0,shared_mean,combined_fast,144,33,0.041666666666666664,0.3281440070887565,False
MBON03,10.0,shared_mean,combined_half_dose,144,126,0.0,7.557226449566517e-15,False
MBON03,10.0,shared_mean,no_outcome,144,33,0.0,0.0,False
MBON03,10.0,shared_mean,plasticity_disabled,144,33,0.0,0.0,False
MBON02,2.0,per_output,combined_fast,144,33,0.4236111111111111,0.8032873706423111,False
MBON02,2.0,per_output,combined_half_dose,144,126,0.3194444444444444,0.5988246012939522,False
MBON02,2.0,per_output,no_outcome,144,33,0.0,0.0,False
MBON02,2.0,per_output,plasticity_disabled,144,33,0.0,0.0,False
MBON02,2.0,shared_mean,combined_fast,144,33,0.2916666666666667,0.5882766721049641,False
MBON02,2.0,shared_mean,combined_half_dose,144,126,0.16666666666666666,0.48754699559758063,False
MBON02,2.0,shared_mean,no_outcome,144,33,0.0,0.0,False
MBON02,2.0,shared_mean,plasticity_disabled,144,33,0.0,0.0,False
MBON02,5.0,per_output,combined_fast,144,33,0.4305555555555556,0.7712775937121661,False
MBON02,5.0,per_output,combined_half_dose,144,126,0.2361111111111111,0.5662844215107157,False
MBON02,5.0,per_output,no_outcome,144,33,0.0,0.0,False
MBON02,5.0,per_output,plasticity_disabled,144,33,0.0,0.0,False
MBON02,5.0,shared_mean,combined_fast,144,33,0.24305555555555555,0.5435069084037623,False
MBON02,5.0,shared_mean,combined_half_dose,144,126,0.16666666666666666,0.4651708955361702,False
MBON02,5.0,shared_mean,no_outcome,144,33,0.0,0.0,False
MBON02,5.0,shared_mean,plasticity_disabled,144,33,0.0,0.0,False
MBON02,10.0,per_output,combined_fast,144,33,0.4305555555555556,0.7258988913895384,False
MBON02,10.0,per_output,combined_half_dose,144,126,0.16666666666666666,0.5450203595729006,False
MBON02,10.0,per_output,no_outcome,144,33,0.0,0.0,False
MBON02,10.0,per_output,plasticity_disabled,144,33,0.0,0.0,False
MBON02,10.0,shared_mean,combined_fast,144,33,0.2361111111111111,0.4650325687877806,False
MBON02,10.0,shared_mean,combined_half_dose,144,126,0.16666666666666666,0.4424650917730461,False
MBON02,10.0,shared_mean,no_outcome,144,33,0.0,0.0,False
MBON02,10.0,shared_mean,plasticity_disabled,144,33,0.0,0.0,False
